Ticker,Target Date,Available Date,Open,High,Low,Close,Adj Close,Volume
NQH25.CME,2025-04-01,,No data,No data,No data,No data,No data,No data
NQH25.CME,2025-04-02,,No data,No data,No data,No data,No data,No data
NQH25.CME,2025-04-03,,No data,No data,No data,No data,No data,No data
NQH25.CME,2025-04-04,,No data,No data,No data,No data,No data,No data
NQH25.CME,2025-04-07,,No data,No data,No data,No data,No data,No data
NQH25.CME,2025-04-08,,No data,No data,No data,No data,No data,No data
NQH25.CME,2025-04-09,,No data,No data,No data,No data,No data,No data
NQH25.CME,2025-04-10,,No data,No data,No data,No data,No data,No data
NQH25.CME,2025-04-11,,No data,No data,No data,No data,No data,No data
NQH25.CME,2025-04-14,,No data,No data,No data,No data,No data,No data
NQH25.CME,2025-04-15,,No data,No data,No data,No data,No data,No data
NQH25.CME,2025-04-16,,No data,No data,No data,No data,No data,No data
NQH25.CME,2025-04-17,,No data,No data,No data,No data,No data,No data
NQH25.CME,2025-04-18,,No data,No data,No data,No data,No data,No data
NQH25.CME,2025-04-21,,No data,No data,No data,No data,No data,No data
NQH25.CME,2025-04-22,,No data,No data,No data,No data,No data,No data
NQH25.CME,2025-04-23,,No data,No data,No data,No data,No data,No data
NQH25.CME,2025-04-24,,No data,No data,No data,No data,No data,No data
NQH25.CME,2025-04-25,,No data,No data,No data,No data,No data,No data
NQH25.CME,2025-04-28,,No data,No data,No data,No data,No data,No data
NQH25.CME,2025-04-29,,No data,No data,No data,No data,No data,No data
NQH25.CME,2025-04-30,,No data,No data,No data,No data,No data,No data
NQH25.CME,2025-05-01,,No data,No data,No data,No data,No data,No data
NQH25.CME,2025-05-02,,No data,No data,No data,No data,No data,No data
NQH25.CME,2025-05-05,,No data,No data,No data,No data,No data,No data
NQH25.CME,2025-05-06,,No data,No data,No data,No data,No data,No data
NQH25.CME,2025-05-07,,No data,No data,No data,No data,No data,No data
NQH25.CME,2025-05-08,,No data,No data,No data,No data,No data,No data
NQH25.CME,2025-05-09,,No data,No data,No data,No data,No data,No data
NQH25.CME,2025-05-12,,No data,No data,No data,No data,No data,No data
NQH25.CME,2025-05-13,,No data,No data,No data,No data,No data,No data
NQH25.CME,2025-05-14,,No data,No data,No data,No data,No data,No data
NQH25.CME,2025-05-15,,No data,No data,No data,No data,No data,No data
NQH25.CME,2025-05-16,,No data,No data,No data,No data,No data,No data
NQH25.CME,2025-05-19,,No data,No data,No data,No data,No data,No data
NQM25.CME,2025-04-01,2025-04-01,19411.25,19644,19261.25,19604.5,19604.5,790964
NQM25.CME,2025-04-02,2025-04-02,19600.5,20044.25,19076.75,19758,19758,835319
NQM25.CME,2025-04-03,2025-04-03,19020,19177,18614,18675.5,18675.5,893793
NQM25.CME,2025-04-04,2025-04-04,18660,18713,17387.5,17539,17539,1199851
NQM25.CME,2025-04-07,2025-04-07,17100,18361.5,16460,17563.25,17563.25,1140389
NQM25.CME,2025-04-08,2025-04-08,17665,18357.25,16973.5,17243.75,17243.75,956641
NQM25.CME,2025-04-09,2025-04-09,17220.25,19386.75,16735,19288.75,19288.75,1086917
NQM25.CME,2025-04-10,2025-04-10,19266.75,19383.5,17919,18484.5,18484.5,975104
NQM25.CME,2025-04-11,2025-04-11,18464.75,18873.5,18067,18807.5,18807.5,667630
NQM25.CME,2025-04-14,2025-04-14,19225,19256,18737.5,18934.75,18934.75,570510
NQM25.CME,2025-04-15,2025-04-15,18902.5,19144.75,18809,18960.25,18960.25,525790
NQM25.CME,2025-04-16,2025-04-16,18790,18861.25,18116.25,18385.25,18385.25,683175
NQM25.CME,2025-04-17,2025-04-17,18391.25,18652.75,18261.5,18380.75,18380.75,629368
NQM25.CME,2025-04-18,2025-04-17,18391.25,18652.75,18261.5,18380.75,18380.75,629368
NQM25.CME,2025-04-21,2025-04-21,18306.25,18383.5,17700,17922.25,17922.25,484750
NQM25.CME,2025-04-22,2025-04-22,17914,18514,17863.75,18385,18385,619146
NQM25.CME,2025-04-23,2025-04-23,18646,19165.5,18623.75,18804,18804,733977
NQM25.CME,2025-04-24,2025-04-24,18826.5,19418,18594.75,19322,19322,599457
NQM25.CME,2025-04-25,2025-04-25,19405,19589,19216.25,19535.25,19535.25,587589
NQM25.CME,2025-04-28,2025-04-28,19524.5,19623,19257.25,19528,19528,514474
NQM25.CME,2025-04-29,2025-04-29,19478.25,19688.5,19378,19642,19642,565539
NQM25.CME,2025-04-30,2025-04-30,19599.75,19880,19103.75,19658.5,19658.5,713642
NQM25.CME,2025-05-01,2025-05-01,19834,20125.75,19757.25,19870.75,19870.75,588901
NQM25.CME,2025-05-02,2025-05-02,19782.5,20276.75,19749.5,20195.25,20195.25,517806
NQM25.CME,2025-05-05,2025-05-05,20181.5,20201.75,19966,20055.5,20055.5,418875
NQM25.CME,2025-05-06,2025-05-06,20014.25,20036.75,19739,19876.5,19876.5,514526
NQM25.CME,2025-05-07,2025-05-07,19809,20133.75,19678.75,19961,19961,597360
NQM25.CME,2025-05-08,2025-05-08,19934.5,20337.25,19910.75,20148,20148,567597
NQM25.CME,2025-05-09,2025-05-09,20157,20288.75,20058,20136.75,20136.75,453686
NQM25.CME,2025-05-12,2025-05-12,20398.5,20996,20376.75,20948.75,20948.75,638564
NQM25.CME,2025-05-13,2025-05-13,20954.75,21346.5,20818,21278,21278,526706
NQM25.CME,2025-05-14,2025-05-14,21250,21419.5,21238.25,21392.5,21392.5,513593
NQM25.CME,2025-05-15,2025-05-15,21379.75,21529.75,21192,21400.25,21400.25,542990
NQM25.CME,2025-05-16,2025-05-16,21396,21512,21320.25,21506,21506,419242
NQM25.CME,2025-05-19,2025-05-19,21310.75,21544.5,21112.5,21527,21527,520282
NQU25.CME,2025-04-01,2025-04-01,19575,19826,19450,19794.75,19794.75,1238
NQU25.CME,2025-04-02,2025-04-02,19818,20212.5,19290.75,19950.25,19950.25,2366
NQU25.CME,2025-04-03,2025-04-03,19217.75,19348.5,18794.5,18853.5,18853.5,2004
NQU25.CME,2025-04-04,2025-04-04,18829.5,18881.5,17561.75,17702,17702,3152
NQU25.CME,2025-04-07,2025-04-07,16908.25,18466,16608,17728,17728,3189
NQU25.CME,2025-04-08,2025-04-08,17872.75,18513.75,17150,17400.75,17400.75,2626
NQU25.CME,2025-04-09,2025-04-09,17335,19551,16890,19470.25,19470.25,3875
NQU25.CME,2025-04-10,2025-04-10,19479.75,19533,18101,18661,18661,1940
NQU25.CME,2025-04-11,2025-04-11,18719,19044.5,18247.5,18987.75,18987.75,1426
NQU25.CME,2025-04-14,2025-04-14,19305.25,19434.25,18950,19119,19119,524
NQU25.CME,2025-04-15,2025-04-15,19072,19300,19004.75,19142,19142,393
NQU25.CME,2025-04-16,2025-04-16,19003.5,19035.5,18294.5,18562.5,18562.5,847
NQU25.CME,2025-04-17,2025-04-17,18578.75,18822.75,18441.75,18561,18561,472
NQU25.CME,2025-04-18,2025-04-17,18578.75,18822.75,18441.75,18561,18561,472
NQU25.CME,2025-04-21,2025-04-21,18496,18545,17873.25,18093.75,18093.75,681
NQU25.CME,2025-04-22,2025-04-22,18084,18688.75,18050,18563,18563,727
NQU25.CME,2025-04-23,2025-04-23,18727.5,19336.75,18727.5,18987.5,18987.5,808
NQU25.CME,2025-04-24,2025-04-24,19009.5,19600,18800.25,19511,19511,630
NQU25.CME,2025-04-25,2025-04-25,19595,19753,19410.5,19723.75,19723.75,741
NQU25.CME,2025-04-28,2025-04-28,19667.75,19801.25,19445,19716.25,19716.25,615
NQU25.CME,2025-04-29,2025-04-29,19656.25,19880,19575,19828,19828,498
NQU25.CME,2025-04-30,2025-04-30,19767.5,20056,19295,19844.25,19844.25,995
NQU25.CME,2025-05-01,2025-05-01,20004.25,20308,19949.75,20059.25,20059.25,844
NQU25.CME,2025-05-02,2025-05-02,19977.25,20474.25,19940,20392,20392,944
NQU25.CME,2025-05-05,2025-05-05,20375.5,20383.75,20176.5,20252.25,20252.25,542
NQU25.CME,2025-05-06,2025-05-06,20208.75,20225,19933.5,20068.75,20068.75,865
NQU25.CME,2025-05-07,2025-05-07,20000,20321,19879,20154,20154,811
NQU25.CME,2025-05-08,2025-05-08,20122,20536.25,20122,20345.25,20345.25,1054
NQU25.CME,2025-05-09,2025-05-09,20353,20470.75,20265,20334.5,20334.5,385
NQU25.CME,2025-05-12,2025-05-12,20596.25,21200.5,20596.25,21158,21158,1282
NQU25.CME,2025-05-13,2025-05-13,21162.5,21560,21028,21492.75,21492.75,911
NQU25.CME,2025-05-14,2025-05-14,21482,21635,21462.5,21609.75,21609.75,866
NQU25.CME,2025-05-15,2025-05-15,21606.25,21744,21426.75,21618.25,21618.25,838
NQU25.CME,2025-05-16,2025-05-16,21615,21731.25,21550,21730,21730,1562
NQU25.CME,2025-05-19,2025-05-19,21554.5,21764.25,21337.75,21751.75,21751.75,1046
NQZ25.CME,2025-04-01,2025-04-01,19835,19991.75,19763.25,19977,19977,31
NQZ25.CME,2025-04-02,2025-04-02,20157.75,20157.75,20138,20138,20138,1
NQZ25.CME,2025-04-03,2025-04-03,19280.5,19448.75,19042,19042,19042,34
NQZ25.CME,2025-04-04,2025-04-04,19039.5,19039.75,17890,17890,17890,4
NQZ25.CME,2025-04-07,2025-04-07,16900,17995,16873,17916,17916,13
NQZ25.CME,2025-04-08,2025-04-08,18650,18650,17575.5,17575.5,17575.5,9
NQZ25.CME,2025-04-09,2025-04-09,17125.5,19658.25,17125.5,19658.25,19658.25,31
NQZ25.CME,2025-04-10,2025-04-10,19400,19503.5,18839.25,18839.25,18839.25,5
NQZ25.CME,2025-04-11,2025-04-11,19171.5,19171.5,19171.5,19171.5,19171.5,0
NQZ25.CME,2025-04-14,2025-04-14,19302.75,19302.75,19302.75,19302.75,19302.75,0
NQZ25.CME,2025-04-15,2025-04-15,19325.75,19325.75,19325.75,19325.75,19325.75,0
NQZ25.CME,2025-04-16,2025-04-16,18979.75,19020,18750.5,18750.5,18750.5,3
NQZ25.CME,2025-04-17,2025-04-17,18749,18749,18749,18749,18749,0
NQZ25.CME,2025-04-18,2025-04-17,18749,18749,18749,18749,18749,0
NQZ25.CME,2025-04-21,2025-04-21,18281.5,18281.5,18281.5,18281.5,18281.5,0
NQZ25.CME,2025-04-22,2025-04-22,18398.25,18745.75,18360.75,18745.75,18745.75,3
NQZ25.CME,2025-04-23,2025-04-23,19234.5,19234.5,19169.25,19169.25,19169.25,1
NQZ25.CME,2025-04-24,2025-04-24,19548.25,19693.75,19548.25,19693.75,19693.75,4
NQZ25.CME,2025-04-25,2025-04-25,19790,19907,19760,19907,19907,5
NQZ25.CME,2025-04-28,2025-04-28,19850,19899.75,19850,19899.75,19899.75,1
NQZ25.CME,2025-04-29,2025-04-29,19945.5,20013.75,19945.5,20013.75,20013.75,2
NQZ25.CME,2025-04-30,2025-04-30,19947,20209.25,19551.25,20030.25,20030.25,9
NQZ25.CME,2025-05-01,2025-05-01,20214,20444,20214,20251,20251,6
NQZ25.CME,2025-05-02,2025-05-02,20139.5,20579.75,20136.75,20579.75,20579.75,6
NQZ25.CME,2025-05-05,2025-05-05,20405,20439.25,20405,20439.25,20439.25,2
NQZ25.CME,2025-05-06,2025-05-06,20250,20256.25,20250,20256.25,20256.25,1
NQZ25.CME,2025-05-07,2025-05-07,20341.25,20341.25,20341.25,20341.25,20341.25,0
NQZ25.CME,2025-05-08,2025-05-08,20575.75,20575.75,20378.25,20532.5,20532.5,4
NQZ25.CME,2025-05-09,2025-05-09,20604.5,20645,20485,20522.5,20522.5,5
NQZ25.CME,2025-05-12,2025-05-12,20801,21359.75,20801,21349,21349,45
NQZ25.CME,2025-05-13,2025-05-13,21550,21696.75,21550,21683.75,21683.75,9
NQZ25.CME,2025-05-14,2025-05-14,21697.5,21823.75,21697.5,21816,21816,32
NQZ25.CME,2025-05-15,2025-05-15,21830.75,21830.75,21828.75,21828.75,21828.75,2
NQZ25.CME,2025-05-16,2025-05-16,21763.5,21942.75,21761.5,21939.75,21939.75,43
NQZ25.CME,2025-05-19,2025-05-19,21759.75,21992.75,21570,21964.25,21964.25,59
NQH26.CME,2025-04-01,2025-04-01,20208,20208,20177,20177,20177,0
NQH26.CME,2025-04-02,2025-04-02,20370.5,20370.5,20338,20338,20338,0
NQH26.CME,2025-04-03,2025-04-03,19241.5,19242,19241.5,19242,19242,0
NQH26.CME,2025-04-04,2025-04-04,18428,18428,18083,18090,18090,2
NQH26.CME,2025-04-07,2025-04-07,18123,18123,18116,18116,18116,0
NQH26.CME,2025-04-08,2025-04-08,17781.75,17781.75,17776,17776,17776,0
NQH26.CME,2025-04-09,2025-04-09,19428,19858.75,19428,19858.75,19858.75,2
NQH26.CME,2025-04-10,2025-04-10,19036.25,19036.25,19036.25,19036.25,19036.25,0
NQH26.CME,2025-04-11,2025-04-11,19359.25,19364.25,19359.25,19364.25,19364.25,0
NQH26.CME,2025-04-14,2025-04-14,19469,19495.5,19469,19495.5,19495.5,1
NQH26.CME,2025-04-15,2025-04-15,19512,19518.5,19512,19518.5,19518.5,0
NQH26.CME,2025-04-16,2025-04-16,18968,18968,18937,18937,18937,1
NQH26.CME,2025-04-17,2025-04-17,18932.5,18934.5,18932.5,18934.5,18934.5,0
NQH26.CME,2025-04-18,2025-04-17,18932.5,18934.5,18932.5,18934.5,18934.5,0
NQH26.CME,2025-04-21,2025-04-21,18467.75,18467.75,18467.75,18467.75,18467.75,0
NQH26.CME,2025-04-22,2025-04-22,18936.75,18936.75,18932,18932,18932,0
NQH26.CME,2025-04-23,2025-04-23,19355.75,19355.75,19355.5,19355.5,19355.5,0
NQH26.CME,2025-04-24,2025-04-24,19873.75,19879.75,19873.75,19879.75,19879.75,0
NQH26.CME,2025-04-25,2025-04-25,20087,20092.75,20087,20092.75,20092.75,0
NQH26.CME,2025-04-28,2025-04-28,20079.75,20085.75,20079.75,20085.75,20085.75,0
NQH26.CME,2025-04-29,2025-04-29,20193.75,20199.75,20193.75,20199.75,20199.75,0
NQH26.CME,2025-04-30,2025-04-30,20210.25,20210.25,20210,20210,20210,0
NQH26.CME,2025-05-01,2025-05-01,20422.5,20434,20422.5,20434,20434,0
NQH26.CME,2025-05-02,2025-05-02,20765.25,20765.25,20765.25,20765.25,20765.25,4
NQH26.CME,2025-05-05,2025-05-05,20625.5,20625.5,20625.5,20625.5,20625.5,0
NQH26.CME,2025-05-06,2025-05-06,20446.5,20446.5,20443.5,20443.5,20443.5,0
NQH26.CME,2025-05-07,2025-05-07,20531,20531,20529,20529,20529,0
NQH26.CME,2025-05-08,2025-05-08,20778,20778,20720.25,20720.25,20720.25,0
NQH26.CME,2025-05-09,2025-05-09,20769.75,20769.75,20709.25,20709.25,20709.25,0
NQH26.CME,2025-05-12,2025-05-12,21468.5,21576.5,21468.5,21535.75,21535.75,5
NQH26.CME,2025-05-13,2025-05-13,21905.75,21905.75,21870.5,21870.5,21870.5,0
NQH26.CME,2025-05-14,2025-05-14,22039.5,22039.5,22002.75,22002.75,22002.75,0
NQH26.CME,2025-05-15,2025-05-15,22150,22150,22015.5,22015.5,22015.5,1
NQH26.CME,2025-05-16,2025-05-16,22152.75,22152.75,22126.5,22126.5,22126.5,0
NQH26.CME,2025-05-19,2025-05-19,22185.25,22185.25,22150,22150,22150,5
NQM26.CME,2025-04-01,2025-04-01,20405.75,20405.75,20372.75,20372.75,20372.75,0
NQM26.CME,2025-04-02,2025-04-02,20570,20570,20538,20538,20538,0
NQM26.CME,2025-04-03,2025-04-03,19429.75,19442,19429.75,19442,19442,0
NQM26.CME,2025-04-04,2025-04-04,18260,18290,18260,18290,18290,0
NQM26.CME,2025-04-07,2025-04-07,18300.5,18316,18300.5,18316,18316,0
NQM26.CME,2025-04-08,2025-04-08,17956,17976,17956,17976,17976,0
NQM26.CME,2025-04-09,2025-04-09,20019.5,20058.75,20019.5,20058.75,20058.75,0
NQM26.CME,2025-04-10,2025-04-10,19215.25,19236.25,19215.25,19236.25,19236.25,0
NQM26.CME,2025-04-11,2025-04-11,19500,19564.25,19500,19564.25,19564.25,1
NQM26.CME,2025-04-14,2025-04-14,19665.5,19695.5,19635.75,19695.5,19695.5,1
NQM26.CME,2025-04-15,2025-04-15,19691,19718.5,19691,19718.5,19718.5,0
NQM26.CME,2025-04-16,2025-04-16,19116,19140,19116,19140,19140,0
NQM26.CME,2025-04-17,2025-04-17,19111.5,19137.5,19111.5,19137.5,19137.5,0
NQM26.CME,2025-04-18,2025-04-17,19111.5,19137.5,19111.5,19137.5,19137.5,0
NQM26.CME,2025-04-21,2025-04-21,18649,18671,18649,18671,18671,0
NQM26.CME,2025-04-22,2025-04-22,19115.75,19135.25,19115.75,19135.25,19135.25,0
NQM26.CME,2025-04-23,2025-04-23,19534.75,19558.75,19534.75,19558.75,19558.75,0
NQM26.CME,2025-04-24,2025-04-24,20052.75,20083,20052.75,20083,20083,0
NQM26.CME,2025-04-25,2025-04-25,20266,20296,20266,20296,20296,0
NQM26.CME,2025-04-28,2025-04-28,20258.75,20289,20258.75,20289,20289,0
NQM26.CME,2025-04-29,2025-04-29,20372.75,20403,20372.75,20403,20403,0
NQM26.CME,2025-04-30,2025-04-30,20389.25,20413.25,20389.25,20413.25,20413.25,0
NQM26.CME,2025-05-01,2025-05-01,20670.5,20670.5,20637.25,20637.25,20637.25,0
NQM26.CME,2025-05-02,2025-05-02,20994,20994,20969,20969,20969,0
NQM26.CME,2025-05-05,2025-05-05,20853.25,20853.25,20829.25,20829.25,20829.25,0
NQM26.CME,2025-05-06,2025-05-06,20673.5,20673.5,20647.25,20647.25,20647.25,0
NQM26.CME,2025-05-07,2025-05-07,20757.5,20757.5,20732.75,20732.75,20732.75,0
NQM26.CME,2025-05-08,2025-05-08,20944.5,20944.5,20924,20924,20924,0
NQM26.CME,2025-05-09,2025-05-09,20933,20933,20913,20913,20913,0
NQM26.CME,2025-05-12,2025-05-12,21768,21768,21739.5,21739.5,21739.5,0
NQM26.CME,2025-05-13,2025-05-13,22097.25,22097.25,22074.25,22074.25,22074.25,0
NQM26.CME,2025-05-14,2025-05-14,22267.25,22267.25,22206.5,22206.5,22206.5,1
NQM26.CME,2025-05-15,2025-05-15,22271.5,22271.5,22219.25,22219.25,22219.25,0
NQM26.CME,2025-05-16,2025-05-16,22380.75,22380.75,22330.25,22330.25,22330.25,0
NQM26.CME,2025-05-19,2025-05-19,22401.75,22401.75,22353.75,22353.75,22353.75,0
NQU26.CME,2025-04-01,,No data,No data,No data,No data,No data,No data
NQU26.CME,2025-04-02,,No data,No data,No data,No data,No data,No data
NQU26.CME,2025-04-03,,No data,No data,No data,No data,No data,No data
NQU26.CME,2025-04-04,,No data,No data,No data,No data,No data,No data
NQU26.CME,2025-04-07,,No data,No data,No data,18516,18516,No data
NQU26.CME,2025-04-08,,No data,No data,No data,18176,18176,No data
NQU26.CME,2025-04-09,,No data,No data,No data,20258.8,20258.8,No data
NQU26.CME,2025-04-10,,No data,No data,No data,19436.3,19436.3,No data
NQU26.CME,2025-04-11,,No data,No data,No data,19764.3,19764.3,No data
NQU26.CME,2025-04-14,,No data,No data,No data,19895.5,19895.5,No data
NQU26.CME,2025-04-15,,No data,No data,No data,19918.5,19918.5,No data
NQU26.CME,2025-04-16,,No data,No data,No data,19340,19340,No data
NQU26.CME,2025-04-17,,No data,No data,No data,19337.5,19337.5,No data
NQU26.CME,2025-04-18,,No data,No data,No data,No data,No data,No data
NQU26.CME,2025-04-21,,No data,No data,No data,18871,18871,No data
NQU26.CME,2025-04-22,,No data,No data,No data,19335.3,19335.3,No data
NQU26.CME,2025-04-23,,No data,No data,No data,19758.8,19758.8,No data
NQU26.CME,2025-04-24,,No data,No data,No data,20283,20283,No data
NQU26.CME,2025-04-25,,No data,No data,No data,20496,20496,No data
NQU26.CME,2025-04-28,,No data,No data,No data,20489,20489,No data
NQU26.CME,2025-04-29,,No data,No data,No data,20603,20603,No data
NQU26.CME,2025-04-30,,No data,No data,No data,20613.3,20613.3,No data
NQU26.CME,2025-05-01,,No data,No data,No data,20837.3,20837.3,No data
NQU26.CME,2025-05-02,,No data,No data,No data,21169,21169,No data
NQU26.CME,2025-05-05,,No data,No data,No data,21029.3,21029.3,No data
NQU26.CME,2025-05-06,,No data,No data,No data,20847.3,20847.3,No data
NQU26.CME,2025-05-07,,No data,No data,No data,20932.8,20932.8,No data
NQU26.CME,2025-05-08,,No data,No data,No data,21124,21124,No data
NQU26.CME,2025-05-09,,No data,No data,No data,21113,21113,No data
NQU26.CME,2025-05-12,,No data,No data,No data,21939.5,21939.5,No data
NQU26.CME,2025-05-13,,No data,No data,No data,22274.3,22274.3,No data
NQU26.CME,2025-05-14,,No data,No data,No data,22406.5,22406.5,No data
NQU26.CME,2025-05-15,,No data,No data,No data,22419.3,22419.3,No data
NQU26.CME,2025-05-16,,No data,No data,No data,22530.3,22530.3,No data
NQU26.CME,2025-05-19,,No data,No data,No data,22553.8,22553.8,No data
NQZ26.CME,2025-04-01,2025-04-01,20808.25,20823,20808.25,20823,20823,0
NQZ26.CME,2025-04-02,2025-04-02,20975.75,20975.75,20938,20938,20938,0
NQZ26.CME,2025-04-03,2025-04-03,19813,19842,19813,19842,19842,0
NQZ26.CME,2025-04-04,2025-04-04,18620.25,18690,18620.25,18690,18690,0
NQZ26.CME,2025-04-07,2025-04-07,18661.5,18716,18661.5,18716,18716,0
NQZ26.CME,2025-04-08,2025-04-08,18310.5,18376,18310.5,18376,18376,0
NQZ26.CME,2025-04-09,2025-04-09,20496.5,20496.5,20458.75,20458.75,20458.75,0
NQZ26.CME,2025-04-10,2025-04-10,19622.25,19636.25,19622.25,19636.25,19636.25,0
NQZ26.CME,2025-04-11,2025-04-11,19976.25,19976.25,19964.25,19964.25,19964.25,0
NQZ26.CME,2025-04-14,2025-04-14,20097.25,20097.25,20095.5,20095.5,20095.5,0
NQZ26.CME,2025-04-15,2025-04-15,20120,20120,20118.5,20118.5,20118.5,0
NQZ26.CME,2025-04-16,2025-04-16,19522,19540,19522,19540,19540,0
NQZ26.CME,2025-04-17,2025-04-17,19522.75,19537.5,19522.75,19537.5,19537.5,0
NQZ26.CME,2025-04-18,2025-04-17,19522.75,19537.5,19522.75,19537.5,19537.5,0
NQZ26.CME,2025-04-21,2025-04-21,19017.5,19071,19017.5,19071,19071,0
NQZ26.CME,2025-04-22,2025-04-22,19522.75,19522.75,19335.25,19335.25,19335.25,0
NQZ26.CME,2025-04-23,2025-04-23,19983.5,19983.5,19758.75,19758.75,19758.75,0
NQZ26.CME,2025-04-24,2025-04-24,20522.25,20522.25,20283,20283,20283,0
NQZ26.CME,2025-04-25,2025-04-25,20757,20757,20496,20496,20496,0
NQZ26.CME,2025-04-28,2025-04-28,20741.25,20741.25,20489,20489,20489,0
NQZ26.CME,2025-04-29,2025-04-29,20859.75,20859.75,20603,20603,20603,0
NQZ26.CME,2025-04-30,2025-04-30,20907.75,20907.75,20613.25,20613.25,20613.25,0
NQZ26.CME,2025-05-01,2025-05-01,21096.5,21096.5,20868,20868,20868,0
NQZ26.CME,2025-05-02,2025-05-02,21466.75,21466.75,21199.75,21199.75,21199.75,0
NQZ26.CME,2025-05-05,2025-05-05,21298.25,21298.25,21060,21060,21060,0
NQZ26.CME,2025-05-06,2025-05-06,21115,21115,20878,20878,20878,0
NQZ26.CME,2025-05-07,2025-05-07,21209.5,21209.5,20963.5,20963.5,20963.5,0
NQZ26.CME,2025-05-08,2025-05-08,21397.75,21397.75,21154.75,21154.75,21154.75,0
NQZ26.CME,2025-05-09,2025-05-09,21396.25,21396.25,21143.75,21143.75,21143.75,0
NQZ26.CME,2025-05-12,2025-05-12,22250,22250,21970.25,21970.25,21970.25,0
NQZ26.CME,2025-05-13,2025-05-13,22601.5,22601.5,22305,22305,22305,0
NQZ26.CME,2025-05-14,2025-05-14,22717.75,22717.75,22437.25,22437.25,22437.25,0
NQZ26.CME,2025-05-15,2025-05-15,22712.75,22712.75,22450,22450,22450,0
NQZ26.CME,2025-05-16,2025-05-16,22834.75,22834.75,22561,22561,22561,0
NQZ26.CME,2025-05-19,2025-05-19,22847.5,22847.5,22584.5,22584.5,22584.5,0
NQH27.CME,2025-04-01,,No data,No data,No data,No data,No data,No data
NQH27.CME,2025-04-02,,No data,No data,No data,No data,No data,No data
NQH27.CME,2025-04-03,,No data,No data,No data,No data,No data,No data
NQH27.CME,2025-04-04,,No data,No data,No data,No data,No data,No data
NQH27.CME,2025-04-07,,No data,No data,No data,No data,No data,No data
NQH27.CME,2025-04-08,,No data,No data,No data,No data,No data,No data
NQH27.CME,2025-04-09,,No data,No data,No data,No data,No data,No data
NQH27.CME,2025-04-10,,No data,No data,No data,No data,No data,No data
NQH27.CME,2025-04-11,,No data,No data,No data,No data,No data,No data
NQH27.CME,2025-04-14,,No data,No data,No data,No data,No data,No data
NQH27.CME,2025-04-15,,No data,No data,No data,No data,No data,No data
NQH27.CME,2025-04-16,,No data,No data,No data,No data,No data,No data
NQH27.CME,2025-04-17,,No data,No data,No data,No data,No data,No data
NQH27.CME,2025-04-18,,No data,No data,No data,No data,No data,No data
NQH27.CME,2025-04-21,,No data,No data,No data,No data,No data,No data
NQH27.CME,2025-04-22,,No data,No data,No data,No data,No data,No data
NQH27.CME,2025-04-23,,No data,No data,No data,No data,No data,No data
NQH27.CME,2025-04-24,,No data,No data,No data,No data,No data,No data
NQH27.CME,2025-04-25,,No data,No data,No data,No data,No data,No data
NQH27.CME,2025-04-28,,No data,No data,No data,No data,No data,No data
NQH27.CME,2025-04-29,,No data,No data,No data,No data,No data,No data
NQH27.CME,2025-04-30,,No data,No data,No data,No data,No data,No data
NQH27.CME,2025-05-01,,No data,No data,No data,No data,No data,No data
NQH27.CME,2025-05-02,,No data,No data,No data,No data,No data,No data
NQH27.CME,2025-05-05,,No data,No data,No data,No data,No data,No data
NQH27.CME,2025-05-06,,No data,No data,No data,No data,No data,No data
NQH27.CME,2025-05-07,,No data,No data,No data,No data,No data,No data
NQH27.CME,2025-05-08,,No data,No data,No data,No data,No data,No data
NQH27.CME,2025-05-09,,No data,No data,No data,No data,No data,No data
NQH27.CME,2025-05-12,,No data,No data,No data,No data,No data,No data
NQH27.CME,2025-05-13,,No data,No data,No data,No data,No data,No data
NQH27.CME,2025-05-14,,No data,No data,No data,No data,No data,No data
NQH27.CME,2025-05-15,,No data,No data,No data,No data,No data,No data
NQH27.CME,2025-05-16,,No data,No data,No data,No data,No data,No data
NQH27.CME,2025-05-19,,No data,No data,No data,No data,No data,No data
NQM27.CME,2025-04-01,,No data,No data,No data,No data,No data,No data
NQM27.CME,2025-04-02,,No data,No data,No data,No data,No data,No data
NQM27.CME,2025-04-03,,No data,No data,No data,No data,No data,No data
NQM27.CME,2025-04-04,,No data,No data,No data,No data,No data,No data
NQM27.CME,2025-04-07,,No data,No data,No data,No data,No data,No data
NQM27.CME,2025-04-08,,No data,No data,No data,No data,No data,No data
NQM27.CME,2025-04-09,,No data,No data,No data,No data,No data,No data
NQM27.CME,2025-04-10,,No data,No data,No data,No data,No data,No data
NQM27.CME,2025-04-11,,No data,No data,No data,No data,No data,No data
NQM27.CME,2025-04-14,,No data,No data,No data,No data,No data,No data
NQM27.CME,2025-04-15,,No data,No data,No data,No data,No data,No data
NQM27.CME,2025-04-16,,No data,No data,No data,No data,No data,No data
NQM27.CME,2025-04-17,,No data,No data,No data,No data,No data,No data
NQM27.CME,2025-04-18,,No data,No data,No data,No data,No data,No data
NQM27.CME,2025-04-21,,No data,No data,No data,No data,No data,No data
NQM27.CME,2025-04-22,,No data,No data,No data,No data,No data,No data
NQM27.CME,2025-04-23,,No data,No data,No data,No data,No data,No data
NQM27.CME,2025-04-24,,No data,No data,No data,No data,No data,No data
NQM27.CME,2025-04-25,,No data,No data,No data,No data,No data,No data
NQM27.CME,2025-04-28,,No data,No data,No data,No data,No data,No data
NQM27.CME,2025-04-29,,No data,No data,No data,No data,No data,No data
NQM27.CME,2025-04-30,,No data,No data,No data,No data,No data,No data
NQM27.CME,2025-05-01,,No data,No data,No data,No data,No data,No data
NQM27.CME,2025-05-02,,No data,No data,No data,No data,No data,No data
NQM27.CME,2025-05-05,,No data,No data,No data,No data,No data,No data
NQM27.CME,2025-05-06,,No data,No data,No data,No data,No data,No data
NQM27.CME,2025-05-07,,No data,No data,No data,No data,No data,No data
NQM27.CME,2025-05-08,,No data,No data,No data,No data,No data,No data
NQM27.CME,2025-05-09,,No data,No data,No data,No data,No data,No data
NQM27.CME,2025-05-12,,No data,No data,No data,No data,No data,No data
NQM27.CME,2025-05-13,,No data,No data,No data,No data,No data,No data
NQM27.CME,2025-05-14,,No data,No data,No data,No data,No data,No data
NQM27.CME,2025-05-15,,No data,No data,No data,No data,No data,No data
NQM27.CME,2025-05-16,,No data,No data,No data,No data,No data,No data
NQM27.CME,2025-05-19,,No data,No data,No data,No data,No data,No data
NQU27.CME,2025-04-01,,No data,No data,No data,No data,No data,No data
NQU27.CME,2025-04-02,,No data,No data,No data,No data,No data,No data
NQU27.CME,2025-04-03,,No data,No data,No data,No data,No data,No data
NQU27.CME,2025-04-04,,No data,No data,No data,No data,No data,No data
NQU27.CME,2025-04-07,,No data,No data,No data,No data,No data,No data
NQU27.CME,2025-04-08,,No data,No data,No data,No data,No data,No data
NQU27.CME,2025-04-09,,No data,No data,No data,No data,No data,No data
NQU27.CME,2025-04-10,,No data,No data,No data,No data,No data,No data
NQU27.CME,2025-04-11,,No data,No data,No data,No data,No data,No data
NQU27.CME,2025-04-14,,No data,No data,No data,No data,No data,No data
NQU27.CME,2025-04-15,,No data,No data,No data,No data,No data,No data
NQU27.CME,2025-04-16,,No data,No data,No data,No data,No data,No data
NQU27.CME,2025-04-17,,No data,No data,No data,No data,No data,No data
NQU27.CME,2025-04-18,,No data,No data,No data,No data,No data,No data
NQU27.CME,2025-04-21,,No data,No data,No data,No data,No data,No data
NQU27.CME,2025-04-22,,No data,No data,No data,No data,No data,No data
NQU27.CME,2025-04-23,,No data,No data,No data,No data,No data,No data
NQU27.CME,2025-04-24,,No data,No data,No data,No data,No data,No data
NQU27.CME,2025-04-25,,No data,No data,No data,No data,No data,No data
NQU27.CME,2025-04-28,,No data,No data,No data,No data,No data,No data
NQU27.CME,2025-04-29,,No data,No data,No data,No data,No data,No data
NQU27.CME,2025-04-30,,No data,No data,No data,No data,No data,No data
NQU27.CME,2025-05-01,,No data,No data,No data,No data,No data,No data
NQU27.CME,2025-05-02,,No data,No data,No data,No data,No data,No data
NQU27.CME,2025-05-05,,No data,No data,No data,No data,No data,No data
NQU27.CME,2025-05-06,,No data,No data,No data,No data,No data,No data
NQU27.CME,2025-05-07,,No data,No data,No data,No data,No data,No data
NQU27.CME,2025-05-08,,No data,No data,No data,No data,No data,No data
NQU27.CME,2025-05-09,,No data,No data,No data,No data,No data,No data
NQU27.CME,2025-05-12,,No data,No data,No data,No data,No data,No data
NQU27.CME,2025-05-13,,No data,No data,No data,No data,No data,No data
NQU27.CME,2025-05-14,,No data,No data,No data,No data,No data,No data
NQU27.CME,2025-05-15,,No data,No data,No data,No data,No data,No data
NQU27.CME,2025-05-16,,No data,No data,No data,No data,No data,No data
NQU27.CME,2025-05-19,,No data,No data,No data,No data,No data,No data
NQZ27.CME,2025-04-01,,No data,No data,No data,21177,21177,No data
NQZ27.CME,2025-04-02,,No data,No data,No data,21292,21292,No data
NQZ27.CME,2025-04-03,,No data,No data,No data,20196,20196,No data
NQZ27.CME,2025-04-04,,No data,No data,No data,19044,19044,No data
NQZ27.CME,2025-04-07,,No data,No data,No data,19070,19070,No data
NQZ27.CME,2025-04-08,,No data,No data,No data,18730,18730,No data
NQZ27.CME,2025-04-09,,No data,No data,No data,20812.8,20812.8,No data
NQZ27.CME,2025-04-10,,No data,No data,No data,19990.3,19990.3,No data
NQZ27.CME,2025-04-11,,No data,No data,No data,20318.3,20318.3,No data
NQZ27.CME,2025-04-14,,No data,No data,No data,20449.5,20449.5,No data
NQZ27.CME,2025-04-15,,No data,No data,No data,20472.5,20472.5,No data
NQZ27.CME,2025-04-16,,No data,No data,No data,19894,19894,No data
NQZ27.CME,2025-04-17,,No data,No data,No data,19891.5,19891.5,No data
NQZ27.CME,2025-04-18,,No data,No data,No data,No data,No data,No data
NQZ27.CME,2025-04-21,,No data,No data,No data,19425,19425,No data
NQZ27.CME,2025-04-22,,No data,No data,No data,19689.3,19689.3,No data
NQZ27.CME,2025-04-23,,No data,No data,No data,20112.8,20112.8,No data
NQZ27.CME,2025-04-24,,No data,No data,No data,20637,20637,No data
NQZ27.CME,2025-04-25,,No data,No data,No data,20850,20850,No data
NQZ27.CME,2025-04-28,,No data,No data,No data,20843,20843,No data
NQZ27.CME,2025-04-29,,No data,No data,No data,20957,20957,No data
NQZ27.CME,2025-04-30,,No data,No data,No data,20967.3,20967.3,No data
NQZ27.CME,2025-05-01,,No data,No data,No data,21222,21222,No data
NQZ27.CME,2025-05-02,,No data,No data,No data,21553.8,21553.8,No data
NQZ27.CME,2025-05-05,,No data,No data,No data,21414,21414,No data
NQZ27.CME,2025-05-06,,No data,No data,No data,21232,21232,No data
NQZ27.CME,2025-05-07,,No data,No data,No data,21317.5,21317.5,No data
NQZ27.CME,2025-05-08,,No data,No data,No data,21508.8,21508.8,No data
NQZ27.CME,2025-05-09,,No data,No data,No data,21497.8,21497.8,No data
NQZ27.CME,2025-05-12,,No data,No data,No data,22324.3,22324.3,No data
NQZ27.CME,2025-05-13,,No data,No data,No data,22659,22659,No data
NQZ27.CME,2025-05-14,,No data,No data,No data,22791.3,22791.3,No data
NQZ27.CME,2025-05-15,,No data,No data,No data,22804,22804,No data
NQZ27.CME,2025-05-16,,No data,No data,No data,22915,22915,No data
NQZ27.CME,2025-05-19,,No data,No data,No data,22938.5,22938.5,No data
ESH25.CME,2025-04-01,,No data,No data,No data,No data,No data,No data
ESH25.CME,2025-04-02,,No data,No data,No data,No data,No data,No data
ESH25.CME,2025-04-03,,No data,No data,No data,No data,No data,No data
ESH25.CME,2025-04-04,,No data,No data,No data,No data,No data,No data
ESH25.CME,2025-04-07,,No data,No data,No data,No data,No data,No data
ESH25.CME,2025-04-08,,No data,No data,No data,No data,No data,No data
ESH25.CME,2025-04-09,,No data,No data,No data,No data,No data,No data
ESH25.CME,2025-04-10,,No data,No data,No data,No data,No data,No data
ESH25.CME,2025-04-11,,No data,No data,No data,No data,No data,No data
ESH25.CME,2025-04-14,,No data,No data,No data,No data,No data,No data
ESH25.CME,2025-04-15,,No data,No data,No data,No data,No data,No data
ESH25.CME,2025-04-16,,No data,No data,No data,No data,No data,No data
ESH25.CME,2025-04-17,,No data,No data,No data,No data,No data,No data
ESH25.CME,2025-04-18,,No data,No data,No data,No data,No data,No data
ESH25.CME,2025-04-21,,No data,No data,No data,No data,No data,No data
ESH25.CME,2025-04-22,,No data,No data,No data,No data,No data,No data
ESH25.CME,2025-04-23,,No data,No data,No data,No data,No data,No data
ESH25.CME,2025-04-24,,No data,No data,No data,No data,No data,No data
ESH25.CME,2025-04-25,,No data,No data,No data,No data,No data,No data
ESH25.CME,2025-04-28,,No data,No data,No data,No data,No data,No data
ESH25.CME,2025-04-29,,No data,No data,No data,No data,No data,No data
ESH25.CME,2025-04-30,,No data,No data,No data,No data,No data,No data
ESH25.CME,2025-05-01,,No data,No data,No data,No data,No data,No data
ESH25.CME,2025-05-02,,No data,No data,No data,No data,No data,No data
ESH25.CME,2025-05-05,,No data,No data,No data,No data,No data,No data
ESH25.CME,2025-05-06,,No data,No data,No data,No data,No data,No data
ESH25.CME,2025-05-07,,No data,No data,No data,No data,No data,No data
ESH25.CME,2025-05-08,,No data,No data,No data,No data,No data,No data
ESH25.CME,2025-05-09,,No data,No data,No data,No data,No data,No data
ESH25.CME,2025-05-12,,No data,No data,No data,No data,No data,No data
ESH25.CME,2025-05-13,,No data,No data,No data,No data,No data,No data
ESH25.CME,2025-05-14,,No data,No data,No data,No data,No data,No data
ESH25.CME,2025-05-15,,No data,No data,No data,No data,No data,No data
ESH25.CME,2025-05-16,,No data,No data,No data,No data,No data,No data
ESH25.CME,2025-05-19,,No data,No data,No data,No data,No data,No data
ESM25.CME,2025-04-01,2025-04-01,5644.25,5694.75,5600.25,5674.5,5674.5,1871505
ESM25.CME,2025-04-02,2025-04-02,5672,5773.25,5566.25,5712.25,5712.25,2060456
ESM25.CME,2025-04-03,2025-04-03,5550.5,5564.75,5415.25,5432.75,5432.75,2470412
ESM25.CME,2025-04-04,2025-04-04,5423,5435,5074,5110.25,5110.25,3678162
ESM25.CME,2025-04-07,2025-04-07,5007,5286.5,4832,5097.25,5097.25,3673583
ESM25.CME,2025-04-08,2025-04-08,5126.5,5305.25,4940.5,5020.25,5020.25,2438061
ESM25.CME,2025-04-09,2025-04-09,5006.25,5520,4871.75,5491,5491,3096194
ESM25.CME,2025-04-10,2025-04-10,5502.5,5528.75,5146.75,5302,5302,2524214
ESM25.CME,2025-04-11,2025-04-11,5299.25,5418.25,5206,5391.25,5391.25,1759660
ESM25.CME,2025-04-14,2025-04-14,5452.5,5497.75,5391,5440.75,5440.75,1303900
ESM25.CME,2025-04-15,2025-04-15,5431.75,5485,5413,5428.25,5428.25,1158703
ESM25.CME,2025-04-16,2025-04-16,5403.75,5425,5251,5305.75,5305.75,1559064
ESM25.CME,2025-04-17,2025-04-17,5308,5371.25,5285.5,5312.75,5312.75,1381396
ESM25.CME,2025-04-18,2025-04-17,5308,5371.25,5285.5,5312.75,5312.75,1381396
ESM25.CME,2025-04-21,2025-04-21,5283.75,5306.75,5127.25,5184.75,5184.75,1191218
ESM25.CME,2025-04-22,2025-04-22,5182.5,5339.25,5171.75,5314.75,5314.75,1572006
ESM25.CME,2025-04-23,2025-04-23,5379.75,5499.75,5377.75,5401.75,5401.75,1846494
ESM25.CME,2025-04-24,2025-04-24,5409,5541.5,5355.25,5511.25,5511.25,1411419
ESM25.CME,2025-04-25,2025-04-25,5529,5562.25,5480.25,5549.75,5549.75,1339888
ESM25.CME,2025-04-28,2025-04-28,5544,5578.75,5492,5553,5553,1198801
ESM25.CME,2025-04-29,2025-04-29,5543,5597.25,5521.5,5583.75,5583.75,1227182
ESM25.CME,2025-04-30,2025-04-30,5579.5,5626.25,5455.5,5587,5587,1833646
ESM25.CME,2025-05-01,2025-05-01,5617.5,5682.5,5601.75,5623.25,5623.25,1388619
ESM25.CME,2025-05-02,2025-05-02,5608.5,5724.75,5601,5709,5709,1383367
ESM25.CME,2025-05-05,2025-05-05,5705,5706.25,5655.25,5671.75,5671.75,989373
ESM25.CME,2025-05-06,2025-05-06,5666.25,5673.25,5605,5625.75,5625.75,1303877
ESM25.CME,2025-05-07,2025-05-07,5608.5,5689.75,5596,5652,5652,1390561
ESM25.CME,2025-05-08,2025-05-08,5643.25,5741,5636.5,5684.5,5684.5,1428613
ESM25.CME,2025-05-09,2025-05-09,5688.5,5715.25,5662.5,5678,5678,1029418
ESM25.CME,2025-05-12,2025-05-12,5761,5876.25,5734.25,5865,5865,1765593
ESM25.CME,2025-05-13,2025-05-13,5868,5927,5835.75,5904.5,5904.5,1335457
ESM25.CME,2025-05-14,2025-05-14,5902,5925,5890,5908.5,5908.5,1207202
ESM25.CME,2025-05-15,2025-05-15,5904,5944.5,5867,5933.25,5933.25,1291986
ESM25.CME,2025-05-16,2025-05-16,5935,5977.5,5923,5975.5,5975.5,1180875
ESM25.CME,2025-05-19,2025-05-19,5930.25,5987.5,5892.75,5982.5,5982.5,1245859
ESU25.CME,2025-04-01,2025-04-01,5686.75,5741.75,5648,5721.75,5721.75,1972
ESU25.CME,2025-04-02,2025-04-02,5721.25,5820.75,5619.25,5760.5,5760.5,4037
ESU25.CME,2025-04-03,2025-04-03,5599.5,5608.75,5460.5,5476.5,5476.5,5674
ESU25.CME,2025-04-04,2025-04-04,5475,5477.75,5115,5149.25,5149.25,10203
ESU25.CME,2025-04-07,2025-04-07,5068.25,5324,4877.5,5137,5137,16100
ESU25.CME,2025-04-08,2025-04-08,5168.25,5344.25,4980.5,5058,5058,11325
ESU25.CME,2025-04-09,2025-04-09,5019.25,5563.25,4912.25,5536,5536,14113
ESU25.CME,2025-04-10,2025-04-10,5541.5,5565,5189.25,5344.75,5344.75,15180
ESU25.CME,2025-04-11,2025-04-11,5353.25,5460,5250,5435.25,5435.25,4164
ESU25.CME,2025-04-14,2025-04-14,5492.75,5542,5439.75,5485.5,5485.5,2470
ESU25.CME,2025-04-15,2025-04-15,5469.75,5529,5460,5472.75,5472.75,1640
ESU25.CME,2025-04-16,2025-04-16,5422.5,5462.5,5296.5,5349,5349,2022
ESU25.CME,2025-04-17,2025-04-17,5351,5412.25,5329.5,5356.5,5356.5,1672
ESU25.CME,2025-04-18,2025-04-17,5351,5412.25,5329.5,5356.5,5356.5,1672
ESU25.CME,2025-04-21,2025-04-21,5335.75,5350.75,5168.75,5226.25,5226.25,1148
ESU25.CME,2025-04-22,2025-04-22,5217,5380,5215.5,5357.75,5357.75,2823
ESU25.CME,2025-04-23,2025-04-23,5437.75,5543.5,5424.5,5446,5446,4803
ESU25.CME,2025-04-24,2025-04-24,5442.75,5572,5400,5556.75,5556.75,3453
ESU25.CME,2025-04-25,2025-04-25,5572.75,5606,5525.75,5595.5,5595.5,2604
ESU25.CME,2025-04-28,2025-04-28,5588.25,5624,5542.25,5598.75,5598.75,1708
ESU25.CME,2025-04-29,2025-04-29,5587.5,5641.75,5568,5629.5,5629.5,3253
ESU25.CME,2025-04-30,2025-04-30,5621.5,5670.75,5500,5632.25,5632.25,3485
ESU25.CME,2025-05-01,2025-05-01,5665,5727,5651.75,5669.25,5669.25,4519
ESU25.CME,2025-05-02,2025-05-02,5652.75,5774.75,5646,5757,5757,3832
ESU25.CME,2025-05-05,2025-05-05,5745.5,5753.75,5701.75,5719.75,5719.75,1704
ESU25.CME,2025-05-06,2025-05-06,5715,5720,5653.5,5672.75,5672.75,3467
ESU25.CME,2025-05-07,2025-05-07,5669.5,5735,5645.75,5699.75,5699.75,2867
ESU25.CME,2025-05-08,2025-05-08,5694,5789,5693,5732.75,5732.75,2773
ESU25.CME,2025-05-09,2025-05-09,5733.75,5758,5712,5726.25,5726.25,1652
ESU25.CME,2025-05-12,2025-05-12,5803.75,5926,5786.75,5916.25,5916.25,7496
ESU25.CME,2025-05-13,2025-05-13,5919,5979.5,5887.75,5956.75,5956.75,4339
ESU25.CME,2025-05-14,2025-05-14,5953,5977.25,5942.75,5961.25,5961.25,7416
ESU25.CME,2025-05-15,2025-05-15,5955.5,5997.25,5920,5986.75,5986.75,6149
ESU25.CME,2025-05-16,2025-05-16,5984.75,6033,5978,6030.25,6030.25,6143
ESU25.CME,2025-05-19,2025-05-19,5987.25,6041.75,5948,6037,6037,9464
ESZ25.CME,2025-04-01,2025-04-01,5758,5765,5758,5765,5765,678
ESZ25.CME,2025-04-02,2025-04-02,5767,5841.25,5660,5805,5805,128
ESZ25.CME,2025-04-03,2025-04-03,5610,5650.25,5516,5516,5516,79
ESZ25.CME,2025-04-04,2025-04-04,5509.75,5509.75,5180,5188,5188,329
ESZ25.CME,2025-04-07,2025-04-07,5113.75,5315,4932,5174,5174,441
ESZ25.CME,2025-04-08,2025-04-08,5250,5372.5,5039.25,5093.75,5093.75,580
ESZ25.CME,2025-04-09,2025-04-09,5042,5604.75,4965,5572.5,5572.5,1561
ESZ25.CME,2025-04-10,2025-04-10,5604.5,5604.5,5250,5384.25,5384.25,132
ESZ25.CME,2025-04-11,2025-04-11,5411.5,5489,5371.25,5475.75,5475.75,20
ESZ25.CME,2025-04-14,2025-04-14,5523.75,5545.75,5498,5525.75,5525.75,23
ESZ25.CME,2025-04-15,2025-04-15,5523,5526.75,5514.5,5514.5,5514.5,81
ESZ25.CME,2025-04-16,2025-04-16,5439,5441,5389.5,5389.5,5389.5,211
ESZ25.CME,2025-04-17,2025-04-17,5402.5,5402.5,5397.75,5397.75,5397.75,2
ESZ25.CME,2025-04-18,2025-04-17,5402.5,5402.5,5397.75,5397.75,5397.75,2
ESZ25.CME,2025-04-21,2025-04-21,5338,5342.25,5215,5265.25,5265.25,34
ESZ25.CME,2025-04-22,2025-04-22,5294.5,5403.25,5286.5,5397.25,5397.25,274
ESZ25.CME,2025-04-23,2025-04-23,5498.25,5569.75,5480.25,5487,5487,71
ESZ25.CME,2025-04-24,2025-04-24,5487.25,5610.5,5487.25,5598.75,5598.75,204
ESZ25.CME,2025-04-25,2025-04-25,5610.75,5645.75,5610.75,5637.5,5637.5,313
ESZ25.CME,2025-04-28,2025-04-28,5620,5655.25,5593,5640.25,5640.25,97
ESZ25.CME,2025-04-29,2025-04-29,5645,5674.25,5615,5671.25,5671.25,348
ESZ25.CME,2025-04-30,2025-04-30,5658.5,5683.75,5573,5674,5674,96
ESZ25.CME,2025-05-01,2025-05-01,5740,5766,5711.5,5711.5,5711.5,22
ESZ25.CME,2025-05-02,2025-05-02,5697,5815,5697,5801,5801,63
ESZ25.CME,2025-05-05,2025-05-05,5784.5,5792,5750,5764.25,5764.25,364
ESZ25.CME,2025-05-06,2025-05-06,5750.25,5750.25,5707,5716.5,5716.5,57
ESZ25.CME,2025-05-07,2025-05-07,5717,5767.5,5703.25,5743.5,5743.5,352
ESZ25.CME,2025-05-08,2025-05-08,5741.5,5830,5741.5,5777.5,5777.5,97
ESZ25.CME,2025-05-09,2025-05-09,5766.75,5802,5760.5,5771.75,5771.75,185
ESZ25.CME,2025-05-12,2025-05-12,5845,5965.25,5830,5965,5965,200
ESZ25.CME,2025-05-13,2025-05-13,5959.75,6027,5934,6008,6008,271
ESZ25.CME,2025-05-14,2025-05-14,6024.75,6024.75,5998,6012.5,6012.5,159
ESZ25.CME,2025-05-15,2025-05-15,5990,6044,5971,6037.25,6037.25,382
ESZ25.CME,2025-05-16,2025-05-16,6039.5,6082,6039.5,6082,6082,375
ESZ25.CME,2025-05-19,2025-05-19,6045,6089.25,6000,6089.25,6089.25,44
ESH26.CME,2025-04-01,2025-04-01,5808,5808,5808,5808,5808,0
ESH26.CME,2025-04-02,2025-04-02,5850,5850,5850,5850,5850,0
ESH26.CME,2025-04-03,2025-04-03,5554,5554,5554,5554,5554,38
ESH26.CME,2025-04-04,2025-04-04,5224,5224,5224,5224,5224,0
ESH26.CME,2025-04-07,2025-04-07,5000,5211.5,5000,5211.5,5211.5,17
ESH26.CME,2025-04-08,2025-04-08,5134.5,5134.5,5134.5,5134.5,5134.5,0
ESH26.CME,2025-04-09,2025-04-09,5613.25,5613.25,5613.25,5613.25,5613.25,441
ESH26.CME,2025-04-10,2025-04-10,5424,5424,5424,5424,5424,0
ESH26.CME,2025-04-11,2025-04-11,5515.5,5515.5,5515.5,5515.5,5515.5,0
ESH26.CME,2025-04-14,2025-04-14,5560,5566.75,5520,5566.5,5566.5,6
ESH26.CME,2025-04-15,2025-04-15,5554.25,5554.25,5554.25,5554.25,5554.25,0
ESH26.CME,2025-04-16,2025-04-16,5429.25,5429.25,5429.25,5429.25,5429.25,0
ESH26.CME,2025-04-17,2025-04-17,5439,5439,5439,5439,5439,0
ESH26.CME,2025-04-18,2025-04-17,5439,5439,5439,5439,5439,0
ESH26.CME,2025-04-21,2025-04-21,5289,5306.5,5289,5306.5,5306.5,1
ESH26.CME,2025-04-22,2025-04-22,5439.75,5439.75,5439.75,5439.75,5439.75,0
ESH26.CME,2025-04-23,2025-04-23,5529.25,5529.25,5529.25,5529.25,5529.25,84
ESH26.CME,2025-04-24,2025-04-24,5643,5643,5643,5643,5643,0
ESH26.CME,2025-04-25,2025-04-25,5683.25,5683.25,5683.25,5683.25,5683.25,0
ESH26.CME,2025-04-28,2025-04-28,5686.25,5686.25,5686.25,5686.25,5686.25,0
ESH26.CME,2025-04-29,2025-04-29,5690,5717.5,5690,5717.5,5717.5,1
ESH26.CME,2025-04-30,2025-04-30,5720.75,5720.75,5719.25,5719.25,5719.25,0
ESH26.CME,2025-05-01,2025-05-01,5754,5754,5754,5754,5754,0
ESH26.CME,2025-05-02,2025-05-02,5808,5848,5808,5848,5848,7
ESH26.CME,2025-05-05,2025-05-05,5811,5811,5811,5811,5811,0
ESH26.CME,2025-05-06,2025-05-06,5762.25,5762.25,5762.25,5762.25,5762.25,0
ESH26.CME,2025-05-07,2025-05-07,5789.25,5789.25,5789.25,5789.25,5789.25,156
ESH26.CME,2025-05-08,2025-05-08,5823,5823,5823,5823,5823,9
ESH26.CME,2025-05-09,2025-05-09,5818.75,5818.75,5818.75,5818.75,5818.75,0
ESH26.CME,2025-05-12,2025-05-12,6017,6017,6017,6017,6017,80
ESH26.CME,2025-05-13,2025-05-13,6057.25,6057.25,6057.25,6057.25,6057.25,169
ESH26.CME,2025-05-14,2025-05-14,6062.5,6062.5,6062.5,6062.5,6062.5,170
ESH26.CME,2025-05-15,2025-05-15,6090.5,6090.5,6090.5,6090.5,6090.5,0
ESH26.CME,2025-05-16,2025-05-16,6135,6135,6135,6135,6135,1
ESH26.CME,2025-05-19,2025-05-19,6060,6142.5,6060,6142.5,6142.5,111
ESM26.CME,2025-04-01,2025-04-01,5848.5,5848.5,5848.5,5848.5,5848.5,0
ESM26.CME,2025-04-02,2025-04-02,5891,5891,5891,5891,5891,0
ESM26.CME,2025-04-03,2025-04-03,5589,5589,5589,5589,5589,0
ESM26.CME,2025-04-04,2025-04-04,5256,5256,5256,5256,5256,0
ESM26.CME,2025-04-07,2025-04-07,5243.5,5243.5,5243.5,5243.5,5243.5,0
ESM26.CME,2025-04-08,2025-04-08,5166.5,5166.5,5166.5,5166.5,5166.5,0
ESM26.CME,2025-04-09,2025-04-09,5655.25,5655.25,5655.25,5655.25,5655.25,0
ESM26.CME,2025-04-10,2025-04-10,5466,5466,5466,5466,5466,0
ESM26.CME,2025-04-11,2025-04-11,5562.5,5562.5,5562.5,5562.5,5562.5,0
ESM26.CME,2025-04-14,2025-04-14,5613.5,5613.5,5613.5,5613.5,5613.5,0
ESM26.CME,2025-04-15,2025-04-15,5601.25,5601.25,5601.25,5601.25,5601.25,0
ESM26.CME,2025-04-16,2025-04-16,5476.25,5476.25,5476.25,5476.25,5476.25,0
ESM26.CME,2025-04-17,2025-04-17,5481,5481,5481,5481,5481,0
ESM26.CME,2025-04-18,2025-04-17,5481,5481,5481,5481,5481,0
ESM26.CME,2025-04-21,2025-04-21,5342.5,5342.5,5342.5,5342.5,5342.5,0
ESM26.CME,2025-04-22,2025-04-22,5476.25,5476.25,5476.25,5476.25,5476.25,0
ESM26.CME,2025-04-23,2025-04-23,5588,5588,5569.5,5569.5,5569.5,156
ESM26.CME,2025-04-24,2025-04-24,5683.25,5683.25,5683.25,5683.25,5683.25,0
ESM26.CME,2025-04-25,2025-04-25,5723.5,5723.5,5723.5,5723.5,5723.5,0
ESM26.CME,2025-04-28,2025-04-28,5727,5727,5727,5727,5727,0
ESM26.CME,2025-04-29,2025-04-29,5758.75,5758.75,5753.75,5753.75,5753.75,0
ESM26.CME,2025-04-30,2025-04-30,5745.5,5745.5,5745.5,5745.5,5745.5,0
ESM26.CME,2025-05-01,2025-05-01,5785,5820,5785,5791.5,5791.5,87
ESM26.CME,2025-05-02,2025-05-02,5820,5885.5,5820,5885.5,5885.5,1
ESM26.CME,2025-05-05,2025-05-05,5848.5,5848.5,5848.5,5848.5,5848.5,0
ESM26.CME,2025-05-06,2025-05-06,5800,5800,5799,5799,5799,1
ESM26.CME,2025-05-07,2025-05-07,5826,5826,5826,5826,5826,90
ESM26.CME,2025-05-08,2025-05-08,5864,5864,5864,5864,5864,0
ESM26.CME,2025-05-09,2025-05-09,5859.75,5859.75,5859.75,5859.75,5859.75,0
ESM26.CME,2025-05-12,2025-05-12,6066.5,6066.5,6066.5,6066.5,6066.5,9
ESM26.CME,2025-05-13,2025-05-13,6106.75,6106.75,6106.75,6106.75,6106.75,0
ESM26.CME,2025-05-14,2025-05-14,6112,6112,6112,6112,6112,0
ESM26.CME,2025-05-15,2025-05-15,6136.5,6136.5,6136.5,6136.5,6136.5,0
ESM26.CME,2025-05-16,2025-05-16,6181,6181,6181,6181,6181,0
ESM26.CME,2025-05-19,2025-05-19,6188.5,6188.5,6188.5,6188.5,6188.5,54
ESU26.CME,2025-04-01,,No data,No data,No data,5888,5888,No data
ESU26.CME,2025-04-02,,No data,No data,No data,5931.5,5931.5,No data
ESU26.CME,2025-04-03,,No data,No data,No data,5624,5624,No data
ESU26.CME,2025-04-04,,No data,No data,No data,5289,5289,No data
ESU26.CME,2025-04-07,,No data,No data,No data,5276.5,5276.5,No data
ESU26.CME,2025-04-08,,No data,No data,No data,5199.5,5199.5,No data
ESU26.CME,2025-04-09,,No data,No data,No data,5688.25,5688.25,No data
ESU26.CME,2025-04-10,,No data,No data,No data,5499,5499,No data
ESU26.CME,2025-04-11,,No data,No data,No data,5600.5,5600.5,No data
ESU26.CME,2025-04-14,,No data,No data,No data,5651.5,5651.5,No data
ESU26.CME,2025-04-15,,No data,No data,No data,5639.25,5639.25,No data
ESU26.CME,2025-04-16,,No data,No data,No data,5514.25,5514.25,No data
ESU26.CME,2025-04-17,,No data,No data,No data,5523,5523,No data
ESU26.CME,2025-04-18,,No data,No data,No data,No data,No data,No data
ESU26.CME,2025-04-21,,No data,No data,No data,5378.5,5378.5,No data
ESU26.CME,2025-04-22,,No data,No data,No data,5513.25,5513.25,No data
ESU26.CME,2025-04-23,,No data,No data,No data,5606.5,5606.5,No data
ESU26.CME,2025-04-24,,No data,No data,No data,5720.25,5720.25,No data
ESU26.CME,2025-04-25,,No data,No data,No data,5760.5,5760.5,No data
ESU26.CME,2025-04-28,,No data,No data,No data,5764,5764,No data
ESU26.CME,2025-04-29,,No data,No data,No data,5790.75,5790.75,No data
ESU26.CME,2025-04-30,,No data,No data,No data,5782.5,5782.5,No data
ESU26.CME,2025-05-01,,No data,No data,No data,5826.5,5826.5,No data
ESU26.CME,2025-05-02,,No data,No data,No data,5925.75,5925.75,No data
ESU26.CME,2025-05-05,,No data,No data,No data,5888.75,5888.75,No data
ESU26.CME,2025-05-06,,No data,No data,No data,5839.25,5839.25,No data
ESU26.CME,2025-05-07,,No data,No data,No data,5866.25,5866.25,No data
ESU26.CME,2025-05-08,,No data,No data,No data,5904.25,5904.25,No data
ESU26.CME,2025-05-09,,No data,No data,No data,5900,5900,No data
ESU26.CME,2025-05-12,,No data,No data,No data,6108.5,6108.5,No data
ESU26.CME,2025-05-13,,No data,No data,No data,6148.75,6148.75,No data
ESU26.CME,2025-05-14,,No data,No data,No data,6154,6154,No data
ESU26.CME,2025-05-15,,No data,No data,No data,6178.5,6178.5,No data
ESU26.CME,2025-05-16,,No data,No data,No data,6228.5,6228.5,No data
ESU26.CME,2025-05-19,,No data,No data,No data,6236,6236,No data
ESZ26.CME,2025-04-01,,No data,No data,No data,5927.5,5927.5,No data
ESZ26.CME,2025-04-02,,No data,No data,No data,5971.25,5971.25,No data
ESZ26.CME,2025-04-03,,No data,No data,No data,5658,5658,No data
ESZ26.CME,2025-04-04,,No data,No data,No data,5320,5320,No data
ESZ26.CME,2025-04-07,,No data,No data,No data,5307.5,5307.5,No data
ESZ26.CME,2025-04-08,,No data,No data,No data,5210.5,5210.5,No data
ESZ26.CME,2025-04-09,,No data,No data,No data,5709.25,5709.25,No data
ESZ26.CME,2025-04-10,,No data,No data,No data,5517,5517,No data
ESZ26.CME,2025-04-11,,No data,No data,No data,5633.5,5633.5,No data
ESZ26.CME,2025-04-14,,No data,No data,No data,5684.5,5684.5,No data
ESZ26.CME,2025-04-15,,No data,No data,No data,5672.25,5672.25,No data
ESZ26.CME,2025-04-16,,No data,No data,No data,5547.25,5547.25,No data
ESZ26.CME,2025-04-17,,No data,No data,No data,5556,5556,No data
ESZ26.CME,2025-04-18,,No data,No data,No data,No data,No data,No data
ESZ26.CME,2025-04-21,,No data,No data,No data,5410.5,5410.5,No data
ESZ26.CME,2025-04-22,,No data,No data,No data,5545.25,5545.25,No data
ESZ26.CME,2025-04-23,,No data,No data,No data,5638.5,5638.5,No data
ESZ26.CME,2025-04-24,,No data,No data,No data,5753.25,5753.25,No data
ESZ26.CME,2025-04-25,,No data,No data,No data,5793.5,5793.5,No data
ESZ26.CME,2025-04-28,,No data,No data,No data,5792,5792,No data
ESZ26.CME,2025-04-29,,No data,No data,No data,5818.75,5818.75,No data
ESZ26.CME,2025-04-30,,No data,No data,No data,5810.5,5810.5,No data
ESZ26.CME,2025-05-01,,No data,No data,No data,5863.5,5863.5,No data
ESZ26.CME,2025-05-02,,No data,No data,No data,5962.75,5962.75,No data
ESZ26.CME,2025-05-05,,No data,No data,No data,5925.75,5925.75,No data
ESZ26.CME,2025-05-06,,No data,No data,No data,5875.25,5875.25,No data
ESZ26.CME,2025-05-07,,No data,No data,No data,5902.25,5902.25,No data
ESZ26.CME,2025-05-08,,No data,No data,No data,5944.25,5944.25,No data
ESZ26.CME,2025-05-09,,No data,No data,No data,5940,5940,No data
ESZ26.CME,2025-05-12,,No data,No data,No data,6149.25,6149.25,No data
ESZ26.CME,2025-05-13,,No data,No data,No data,6193.5,6193.5,No data
ESZ26.CME,2025-05-14,,No data,No data,No data,6198.75,6198.75,No data
ESZ26.CME,2025-05-15,,No data,No data,No data,6223.25,6223.25,No data
ESZ26.CME,2025-05-16,,No data,No data,No data,6273.25,6273.25,No data
ESZ26.CME,2025-05-19,,No data,No data,No data,6280.75,6280.75,No data
ESH27.CME,2025-04-01,,No data,No data,No data,5970.25,5970.25,No data
ESH27.CME,2025-04-02,,No data,No data,No data,6015,6015,No data
ESH27.CME,2025-04-03,,No data,No data,No data,5693,5693,No data
ESH27.CME,2025-04-04,,No data,No data,No data,5354,5354,No data
ESH27.CME,2025-04-07,,No data,No data,No data,5341.5,5341.5,No data
ESH27.CME,2025-04-08,,No data,No data,No data,5244.5,5244.5,No data
ESH27.CME,2025-04-09,,No data,No data,No data,5743.25,5743.25,No data
ESH27.CME,2025-04-10,,No data,No data,No data,5551,5551,No data
ESH27.CME,2025-04-11,,No data,No data,No data,5672.5,5672.5,No data
ESH27.CME,2025-04-14,,No data,No data,No data,5723.5,5723.5,No data
ESH27.CME,2025-04-15,,No data,No data,No data,5711.25,5711.25,No data
ESH27.CME,2025-04-16,,No data,No data,No data,5586.25,5586.25,No data
ESH27.CME,2025-04-17,,No data,No data,No data,5595,5595,No data
ESH27.CME,2025-04-18,,No data,No data,No data,No data,No data,No data
ESH27.CME,2025-04-21,,No data,No data,No data,5449.5,5449.5,No data
ESH27.CME,2025-04-22,,No data,No data,No data,5584.25,5584.25,No data
ESH27.CME,2025-04-23,,No data,No data,No data,5677.5,5677.5,No data
ESH27.CME,2025-04-24,,No data,No data,No data,5792.25,5792.25,No data
ESH27.CME,2025-04-25,,No data,No data,No data,5832.5,5832.5,No data
ESH27.CME,2025-04-28,,No data,No data,No data,5826,5826,No data
ESH27.CME,2025-04-29,,No data,No data,No data,5852.75,5852.75,No data
ESH27.CME,2025-04-30,,No data,No data,No data,5844.5,5844.5,No data
ESH27.CME,2025-05-01,,No data,No data,No data,5902.5,5902.5,No data
ESH27.CME,2025-05-02,,No data,No data,No data,6001.75,6001.75,No data
ESH27.CME,2025-05-05,,No data,No data,No data,5964.75,5964.75,No data
ESH27.CME,2025-05-06,,No data,No data,No data,5914.25,5914.25,No data
ESH27.CME,2025-05-07,,No data,No data,No data,5941.25,5941.25,No data
ESH27.CME,2025-05-08,,No data,No data,No data,5984.75,5984.75,No data
ESH27.CME,2025-05-09,,No data,No data,No data,5980.5,5980.5,No data
ESH27.CME,2025-05-12,,No data,No data,No data,6191.25,6191.25,No data
ESH27.CME,2025-05-13,,No data,No data,No data,6240,6240,No data
ESH27.CME,2025-05-14,,No data,No data,No data,6254.25,6254.25,No data
ESH27.CME,2025-05-15,,No data,No data,No data,6268.75,6268.75,No data
ESH27.CME,2025-05-16,,No data,No data,No data,6318.75,6318.75,No data
ESH27.CME,2025-05-19,,No data,No data,No data,6326.25,6326.25,No data
ESM27.CME,2025-04-01,,No data,No data,No data,6013.5,6013.5,No data
ESM27.CME,2025-04-02,,No data,No data,No data,6058.5,6058.5,No data
ESM27.CME,2025-04-03,,No data,No data,No data,5731,5731,No data
ESM27.CME,2025-04-04,,No data,No data,No data,5388,5388,No data
ESM27.CME,2025-04-07,,No data,No data,No data,5375.5,5375.5,No data
ESM27.CME,2025-04-08,,No data,No data,No data,5278.5,5278.5,No data
ESM27.CME,2025-04-09,,No data,No data,No data,5787.25,5787.25,No data
ESM27.CME,2025-04-10,,No data,No data,No data,5595,5595,No data
ESM27.CME,2025-04-11,,No data,No data,No data,5716.5,5716.5,No data
ESM27.CME,2025-04-14,,No data,No data,No data,5767.5,5767.5,No data
ESM27.CME,2025-04-15,,No data,No data,No data,5755.25,5755.25,No data
ESM27.CME,2025-04-16,,No data,No data,No data,5630.25,5630.25,No data
ESM27.CME,2025-04-17,,No data,No data,No data,5639,5639,No data
ESM27.CME,2025-04-18,,No data,No data,No data,No data,No data,No data
ESM27.CME,2025-04-21,,No data,No data,No data,5493.5,5493.5,No data
ESM27.CME,2025-04-22,,No data,No data,No data,5628.25,5628.25,No data
ESM27.CME,2025-04-23,,No data,No data,No data,5721.5,5721.5,No data
ESM27.CME,2025-04-24,,No data,No data,No data,5836.25,5836.25,No data
ESM27.CME,2025-04-25,,No data,No data,No data,5876.5,5876.5,No data
ESM27.CME,2025-04-28,,No data,No data,No data,5870,5870,No data
ESM27.CME,2025-04-29,,No data,No data,No data,5896.75,5896.75,No data
ESM27.CME,2025-04-30,,No data,No data,No data,5888.5,5888.5,No data
ESM27.CME,2025-05-01,,No data,No data,No data,5942.5,5942.5,No data
ESM27.CME,2025-05-02,,No data,No data,No data,6041.75,6041.75,No data
ESM27.CME,2025-05-05,,No data,No data,No data,6004.75,6004.75,No data
ESM27.CME,2025-05-06,,No data,No data,No data,5954.25,5954.25,No data
ESM27.CME,2025-05-07,,No data,No data,No data,5981.25,5981.25,No data
ESM27.CME,2025-05-08,,No data,No data,No data,6024.75,6024.75,No data
ESM27.CME,2025-05-09,,No data,No data,No data,6020.5,6020.5,No data
ESM27.CME,2025-05-12,,No data,No data,No data,6231.25,6231.25,No data
ESM27.CME,2025-05-13,,No data,No data,No data,6280,6280,No data
ESM27.CME,2025-05-14,,No data,No data,No data,6294.25,6294.25,No data
ESM27.CME,2025-05-15,,No data,No data,No data,6308.75,6308.75,No data
ESM27.CME,2025-05-16,,No data,No data,No data,6363.75,6363.75,No data
ESM27.CME,2025-05-19,,No data,No data,No data,6371.25,6371.25,No data
ESU27.CME,2025-04-01,,No data,No data,No data,6055.5,6055.5,No data
ESU27.CME,2025-04-02,,No data,No data,No data,6102,6102,No data
ESU27.CME,2025-04-03,,No data,No data,No data,5768,5768,No data
ESU27.CME,2025-04-04,,No data,No data,No data,5422,5422,No data
ESU27.CME,2025-04-07,,No data,No data,No data,5409.5,5409.5,No data
ESU27.CME,2025-04-08,,No data,No data,No data,5312.5,5312.5,No data
ESU27.CME,2025-04-09,,No data,No data,No data,5821.25,5821.25,No data
ESU27.CME,2025-04-10,,No data,No data,No data,5629,5629,No data
ESU27.CME,2025-04-11,,No data,No data,No data,5750.5,5750.5,No data
ESU27.CME,2025-04-14,,No data,No data,No data,5801.5,5801.5,No data
ESU27.CME,2025-04-15,,No data,No data,No data,5789.25,5789.25,No data
ESU27.CME,2025-04-16,,No data,No data,No data,5664.25,5664.25,No data
ESU27.CME,2025-04-17,,No data,No data,No data,5673,5673,No data
ESU27.CME,2025-04-18,,No data,No data,No data,No data,No data,No data
ESU27.CME,2025-04-21,,No data,No data,No data,5527.5,5527.5,No data
ESU27.CME,2025-04-22,,No data,No data,No data,5662.25,5662.25,No data
ESU27.CME,2025-04-23,,No data,No data,No data,5755.5,5755.5,No data
ESU27.CME,2025-04-24,,No data,No data,No data,5870.25,5870.25,No data
ESU27.CME,2025-04-25,,No data,No data,No data,5910.5,5910.5,No data
ESU27.CME,2025-04-28,,No data,No data,No data,5904,5904,No data
ESU27.CME,2025-04-29,,No data,No data,No data,5930.75,5930.75,No data
ESU27.CME,2025-04-30,,No data,No data,No data,5922.5,5922.5,No data
ESU27.CME,2025-05-01,,No data,No data,No data,5984.5,5984.5,No data
ESU27.CME,2025-05-02,,No data,No data,No data,6083.75,6083.75,No data
ESU27.CME,2025-05-05,,No data,No data,No data,6046.75,6046.75,No data
ESU27.CME,2025-05-06,,No data,No data,No data,5996.25,5996.25,No data
ESU27.CME,2025-05-07,,No data,No data,No data,6023.25,6023.25,No data
ESU27.CME,2025-05-08,,No data,No data,No data,6066.75,6066.75,No data
ESU27.CME,2025-05-09,,No data,No data,No data,6062.5,6062.5,No data
ESU27.CME,2025-05-12,,No data,No data,No data,6273.25,6273.25,No data
ESU27.CME,2025-05-13,,No data,No data,No data,6322,6322,No data
ESU27.CME,2025-05-14,,No data,No data,No data,6336.25,6336.25,No data
ESU27.CME,2025-05-15,,No data,No data,No data,6350.75,6350.75,No data
ESU27.CME,2025-05-16,,No data,No data,No data,6405.75,6405.75,No data
ESU27.CME,2025-05-19,,No data,No data,No data,6413.25,6413.25,No data
ESZ27.CME,2025-04-01,,No data,No data,No data,6098.5,6098.5,No data
ESZ27.CME,2025-04-02,,No data,No data,No data,6145.5,6145.5,No data
ESZ27.CME,2025-04-03,,No data,No data,No data,5805,5805,No data
ESZ27.CME,2025-04-04,,No data,No data,No data,5456,5456,No data
ESZ27.CME,2025-04-07,,No data,No data,No data,5458.5,5458.5,No data
ESZ27.CME,2025-04-08,,No data,No data,No data,5341.5,5341.5,No data
ESZ27.CME,2025-04-09,,No data,No data,No data,5890.25,5890.25,No data
ESZ27.CME,2025-04-10,,No data,No data,No data,5692,5692,No data
ESZ27.CME,2025-04-11,,No data,No data,No data,5813.5,5813.5,No data
ESZ27.CME,2025-04-14,,No data,No data,No data,5884.5,5884.5,No data
ESZ27.CME,2025-04-15,,No data,No data,No data,5842.25,5842.25,No data
ESZ27.CME,2025-04-16,,No data,No data,No data,5697.25,5697.25,No data
ESZ27.CME,2025-04-17,,No data,No data,No data,5706,5706,No data
ESZ27.CME,2025-04-18,,No data,No data,No data,No data,No data,No data
ESZ27.CME,2025-04-21,,No data,No data,No data,5550.5,5550.5,No data
ESZ27.CME,2025-04-22,,No data,No data,No data,5699.5,5699.5,No data
ESZ27.CME,2025-04-23,,No data,No data,No data,5802.75,5802.75,No data
ESZ27.CME,2025-04-24,,No data,No data,No data,5907.5,5907.5,No data
ESZ27.CME,2025-04-25,,No data,No data,No data,5952.75,5952.75,No data
ESZ27.CME,2025-04-28,,No data,No data,No data,5936.25,5936.25,No data
ESZ27.CME,2025-04-29,,No data,No data,No data,5963,5963,No data
ESZ27.CME,2025-04-30,,No data,No data,No data,5934.75,5934.75,No data
ESZ27.CME,2025-05-01,,No data,No data,No data,6025.5,6025.5,No data
ESZ27.CME,2025-05-02,,No data,No data,No data,6130.75,6130.75,No data
ESZ27.CME,2025-05-05,,No data,No data,No data,6093.75,6093.75,No data
ESZ27.CME,2025-05-06,,No data,No data,No data,6036.25,6036.25,No data
ESZ27.CME,2025-05-07,,No data,No data,No data,6063.25,6063.25,No data
ESZ27.CME,2025-05-08,,No data,No data,No data,6117.75,6117.75,No data
ESZ27.CME,2025-05-09,,No data,No data,No data,6113.5,6113.5,No data
ESZ27.CME,2025-05-12,,No data,No data,No data,6335.75,6335.75,No data
ESZ27.CME,2025-05-13,,No data,No data,No data,6386.5,6386.5,No data
ESZ27.CME,2025-05-14,,No data,No data,No data,6400.75,6400.75,No data
ESZ27.CME,2025-05-15,,No data,No data,No data,6415.25,6415.25,No data
ESZ27.CME,2025-05-16,,No data,No data,No data,6470.25,6470.25,No data
ESZ27.CME,2025-05-19,,No data,No data,No data,6477.75,6477.75,No data
